{"cameraMode":{"drawMode":0,"name":"Shaded","section":"Shading Mode"},"sceneLighting":true,"audioPlay":false,"sceneViewState":{"m_AlwaysRefresh":false,"showFog":true,"showSkybox":true,"showFlares":true,"showImageEffects":true,"showParticleSystems":true,"showVisualEffectGraphs":true,"m_FxEnabled":true},"in2DMode":false,"pivot":{"x":384.40887451171877,"y":1189.812255859375,"z":-5.4346923828125},"rotation":{"x":-0.031799543648958209,"y":-0.017393145710229875,"z":0.0005533892544917762,"w":-0.9993435144424439},"size":564.5863647460938,"orthographic":false}